{
  "accuracy": 0.6837275802097671,
  "log_loss": 0.5840279440874153,
  "brier": 0.2006551015515152,
  "n": 93723,
  "ece": 0.00824569127241199
}