{
  "centers": [
    0.059464420066192694,
    0.15443822270975607,
    0.2533784138782878,
    0.3516617739113967,
    0.45061138774516346,
    0.549921898504219,
    0.6487637232229342,
    0.7471721530794053,
    0.8459932074428878,
    0.939914089797829
  ],
  "observed": [
    0.0669772859638905,
    0.16022579244463742,
    0.25567787364871564,
    0.3668213085906255,
    0.44795888824551244,
    0.539588816959522,
    0.6410173335493278,
    0.7371788561866326,
    0.8337639965546942,
    0.9423355549116198
  ],
  "counts": [
    3434,
    6909,
    10083,
    12502,
    13816,
    14057,
    12346,
    10159,
    6966,
    3451
  ],
  "ece": 0.008014025434266806
}