{
  "accuracy": 0.6561463034687324,
  "log_loss": 0.6578130244795453,
  "brier": 0.22514563535768714,
  "n": 93723,
  "ece": 0.08778483396332372
}